id,name,email,height
1,Roze,rsmitten0@slate.com,184
2,Wilfred,wpepineaux1@aol.com,172
3,Hollie,hlate2@flavors.me,174
4,Giulia,gdore3@blogtalkradio.com,186
5,Tatum,tlowbridge4@freewebs.com,165
6,Sande,sstoltz5@shop-pro.jp,181
7,Rafa,rocurrine6@slate.com,187
8,Dill,daxton7@ftc.gov,155
9,Zorana,zblood8@tmall.com,176
10,Catina,cnealey9@smh.com.au,159
11,Faythe,fpetkena@list-manage.com,150
12,Blaine,bdoutyb@merriam-webster.com,181
13,Shina,sschimmangc@furl.net,186
14,De witt,dgriegerd@ameblo.jp,184
15,Virgie,vdegregorioe@loc.gov,182
16,Michail,mtrangmarf@opera.com,163
17,Shadow,shamlettg@indiegogo.com,156
18,Clotilda,csivierh@yellowbook.com,164
19,Kyla,kivinsi@vkontakte.ru,181
20,Ulick,ualdrickj@earthlink.net,160
21,Leslie,lrubinowitzk@seesaa.net,187
22,Forbes,fdannettl@slashdot.org,163
23,Brander,bvalentimm@upenn.edu,179
24,Reg,rissacsonn@google.pl,172
25,Minerva,mhadleigho@i2i.jp,179
26,Brannon,bpedraccip@wix.com,159
27,Patti,pgegayq@wisc.edu,168
28,Laird,llattkar@macromedia.com,181
29,Gianina,gandrichaks@wordpress.org,170
30,Patrick,ppairemant@vistaprint.com,150
31,Malena,mchamanu@wsj.com,170
32,Worthy,wcavellv@godaddy.com,177
33,Ava,amcrobertsw@domainmarket.com,185
34,Joshia,jmeffanx@topsy.com,157
35,Edmund,eramesy@state.gov,170
36,Brunhilda,bschumacherz@photobucket.com,189
37,Denni,dlaugheran10@abc.net.au,179
38,Osgood,oantos11@free.fr,156
39,Mikol,mwhitewood12@economist.com,177
40,Thornton,tdubble13@alexa.com,178
41,Ilysa,ipallant14@skyrock.com,162
42,Yevette,ylauder15@baidu.com,158
43,Leupold,lsainz16@booking.com,181
44,Karolina,kzuppa17@stumbleupon.com,190
45,Lammond,lgumbrell18@flickr.com,190
46,Aida,adounbare19@accuweather.com,167
47,Kally,kobrallaghan1a@trellian.com,158
48,Jacklin,joliver1b@google.nl,178
49,Samuele,ssahlstrom1c@yellowpages.com,164
50,Burr,bcurr1d@bluehost.com,153
51,Charlotta,cnuccitelli1e@purevolume.com,180
52,Beryl,bstelfax1f@squidoo.com,187
53,Corinne,cthoday1g@angelfire.com,153
54,Atlanta,ascadding1h@youku.com,183
55,Salomon,sgullane1i@chicagotribune.com,157
56,Gaby,gcalvard1j@uiuc.edu,161
57,Lezley,ljanodet1k@japanpost.jp,179
58,Regine,rseemmonds1l@storify.com,150
59,Michele,mrosensaft1m@indiatimes.com,157
60,Scottie,slux1n@live.com,183
61,Val,vpocklington1o@biblegateway.com,184
62,Tobe,tpietasch1p@tripod.com,178
63,Dario,dchaldecott1q@house.gov,150
64,Orlando,oblowes1r@vimeo.com,153
65,Tilda,tskeats1s@microsoft.com,161
66,Collete,cdavidy1t@google.cn,180
67,Beltran,bcummine1u@google.es,163
68,Perl,pschonfeld1v@twitpic.com,162
69,Cesar,ckingzett1w@google.de,162
70,Ricardo,rreichert1x@oaic.gov.au,190
71,Dorelia,dwork1y@bing.com,173
72,Nikola,npetrushka1z@linkedin.com,187
73,Teena,tzienkiewicz20@google.ru,162
74,Olav,otwitchett21@lulu.com,170
75,Onfroi,oholtham22@woothemes.com,152
76,Yehudi,yadcock23@springer.com,186
77,Inglis,ishipsey24@hp.com,152
78,Sansone,statford25@ftc.gov,153
79,Jacquenette,jstobbe26@telegraph.co.uk,185
80,Ivette,ihoundsom27@reference.com,184
81,Antonetta,ascading28@diigo.com,189
82,Pammy,pleban29@spotify.com,167
83,Antoinette,afullicks2a@canalblog.com,188
84,Laurette,lwartonby2b@typepad.com,160
85,Godfry,gwynett2c@columbia.edu,185
86,Wilona,wmcgeoch2d@bloomberg.com,156
87,Ravi,rfyrth2e@123-reg.co.uk,182
88,Cammi,cletty2f@livejournal.com,152
89,Elspeth,ekrysztofowicz2g@trellian.com,183
90,Nadeen,ngillaspy2h@shutterfly.com,173
91,Eric,eheaford2i@slideshare.net,169
92,Ricca,rbangs2j@army.mil,169
93,Elisha,ebrownsall2k@freewebs.com,163
94,Welby,wabramsky2l@forbes.com,183
95,Bev,blangford2m@google.com.au,154
96,Dana,dbeer2n@tripod.com,150
97,Ferdie,fferrucci2o@example.com,186
98,Adria,abossons2p@google.cn,166
99,Gladys,gpennick2q@illinois.edu,187
100,Merlina,mfolling2r@walmart.com,161
101,Levon,lpagin2s@addtoany.com,182
102,Prinz,pcaren2t@issuu.com,163
103,Hamil,hfridaye2u@state.gov,156
104,Joshua,jmaps2v@pcworld.com,158
105,Corette,cgrigg2w@webnode.com,184
106,Whitaker,wgrestie2x@gizmodo.com,168
107,Morgana,mfenning2y@prweb.com,173
108,Mikkel,mmansford2z@oracle.com,168
109,Tait,twyness30@facebook.com,170
110,Rolfe,rcrosskell31@telegraph.co.uk,162
111,Francis,fcopo32@scientificamerican.com,167
112,Ann,aogarmen33@canalblog.com,151
113,Gilli,glarrett34@time.com,166
114,Diane,drawe35@newsvine.com,158
115,Horton,hweiss36@soup.io,187
116,Nadia,nfilgate37@livejournal.com,159
117,Linoel,lletessier38@sfgate.com,173
118,Burnard,bdooland39@mtv.com,163
119,Norry,nmcgraw3a@tamu.edu,180
120,Sholom,scoxon3b@indiegogo.com,179
121,Cross,cwinckle3c@wiley.com,162
122,Halsy,hdefew3d@globo.com,172
123,Melitta,mrowbury3e@who.int,153
124,Myrna,mcorfield3f@google.com.hk,169
125,Egbert,eminot3g@1688.com,162
126,Marilee,mloveman3h@gravatar.com,166
127,Lennard,ldunk3i@google.com.br,157
128,Maddie,mrubertis3j@wordpress.com,177
129,Robinett,ranning3k@tinyurl.com,156
130,Morissa,mkimber3l@mail.ru,156
131,Katleen,kcunnington3m@blinklist.com,159
132,Cecil,cbroggetti3n@scientificamerican.com,172
133,Emmy,edowd3o@liveinternet.ru,181
134,Debera,djolliss3p@booking.com,162
135,Spense,smendel3q@apple.com,188
136,Rodd,rcudiff3r@desdev.cn,175
137,Eyde,evandervelden3s@ovh.net,176
138,Halsy,hdunnion3t@apache.org,161
139,Reiko,rdraxford3u@4shared.com,186
140,Belvia,bwhetnall3v@mapy.cz,159
141,Jorey,jmartynov3w@prweb.com,157
142,Kareem,knelthorpe3x@census.gov,160
143,Lebbie,lgalgey3y@va.gov,189
144,Clemmy,cvanhaeften3z@soundcloud.com,171
145,Eugenio,elibbey40@homestead.com,174
146,Rosabella,rmcbain41@cpanel.net,152
147,Lynne,lstudd42@seattletimes.com,187
148,Rivalee,rrizzardi43@xinhuanet.com,169
149,Jamil,jbambrugh44@bigcartel.com,188
150,Merissa,mensor45@goo.ne.jp,156
151,Mallorie,mkellett46@samsung.com,156
152,Franklyn,fswindell47@networkadvertising.org,180
153,Sebastiano,strengrove48@w3.org,182
154,Talyah,taberkirdo49@deviantart.com,183
155,Mollee,mgodbert4a@hatena.ne.jp,183
156,Udell,ubrahan4b@linkedin.com,169
157,Bren,bnoriega4c@census.gov,152
158,Hedvig,hdrysdale4d@printfriendly.com,150
159,Cheri,cgrowden4e@springer.com,175
160,Alexa,atemplman4f@pen.io,170
161,Josephine,jgianiello4g@ovh.net,150
162,Tommy,toliphand4h@berkeley.edu,155
163,Tann,travelus4i@phpbb.com,185
164,Lianna,lboule4j@google.com.hk,171
165,Betta,bskentelbury4k@go.com,161
166,Ruthanne,rhallas4l@flickr.com,173
167,Helenka,hsansun4m@example.com,174
168,Fayette,ffarrear4n@ftc.gov,163
169,Catlee,ccawood4o@xrea.com,166
170,Gracia,gbrodest4p@gravatar.com,167
171,Roman,rlydon4q@cnn.com,180
172,Der,dnoyes4r@patch.com,169
173,Irina,isommerscales4s@nytimes.com,180
174,Gabie,gabramowsky4t@hatena.ne.jp,158
175,Gib,gbassano4u@ebay.com,185
176,Callie,cplayer4v@msn.com,152
177,Taite,tshapter4w@independent.co.uk,185
178,Giordano,gmanifold4x@acquirethisname.com,181
179,Lorenzo,lgasking4y@ft.com,172
180,Del,dmckerlie4z@cdbaby.com,188
181,Lorry,lmonelli50@hhs.gov,151
182,Cassaundra,cadame51@google.it,168
183,Stuart,sprevett52@salon.com,170
184,Dix,dbaxendale53@mapquest.com,182
185,Wilbert,wcay54@amazon.com,168
186,Levy,lhasselby55@stumbleupon.com,174
187,Mal,mjoffe56@thetimes.co.uk,189
188,Hermia,hislep57@canalblog.com,187
189,Brad,baspital58@weebly.com,167
190,Eartha,econner59@meetup.com,168
191,Nolie,ndezamudio5a@time.com,164
192,Thekla,tshemilt5b@webs.com,150
193,Bamby,bpowell5c@google.co.uk,181
194,Lilyan,lberetta5d@goodreads.com,170
195,Justis,jgalia5e@disqus.com,179
196,Alric,asidry5f@a8.net,182
197,Dimitry,dcharlton5g@over-blog.com,186
198,Ezekiel,evanderstraaten5h@mozilla.org,163
199,Lynett,lolley5i@addtoany.com,184
200,Dottie,dfrancom5j@thetimes.co.uk,184
201,Filberto,flinggood5k@abc.net.au,183
202,Jourdain,jlympenie5l@ca.gov,183
203,Claretta,cblyth5m@java.com,190
204,Hildegarde,hfilintsev5n@nyu.edu,181
205,Ron,rtriggel5o@alibaba.com,169
206,Stanford,sanwyl5p@shop-pro.jp,174
207,Jerri,jnoblet5q@ox.ac.uk,185
208,Elaina,eobruen5r@admin.ch,179
209,Man,mosbidston5s@amazon.de,171
210,Clarette,cjenk5t@taobao.com,182
211,Edlin,emckeaney5u@hugedomains.com,179
212,Chryste,cpenbarthy5v@addtoany.com,159
213,Eliza,ebalderstone5w@ox.ac.uk,165
214,Bonnie,bbletso5x@instagram.com,151
215,Laurence,lnorthgraves5y@nps.gov,171
216,Renado,rbiles5z@macromedia.com,171
217,Morley,mduker60@sourceforge.net,181
218,Elbertine,egiannoni61@tinyurl.com,175
219,Creight,cbeszant62@netlog.com,163
220,Cathee,choy63@ft.com,189
221,Maxy,mavramow64@ucoz.ru,165
222,Tabina,tprinn65@g.co,175
223,Aloise,alindwasser66@squidoo.com,180
224,Alexine,ahaseldine67@google.it,173
225,Kimble,kpoppleton68@gov.uk,174
226,Belita,bwolsey69@1und1.de,157
227,Kippy,khyndley6a@artisteer.com,158
228,Joseito,jgimbrett6b@phpbb.com,163
229,Tootsie,tsurgener6c@gravatar.com,159
230,Bert,blowden6d@mapy.cz,151
231,Binny,bdikels6e@printfriendly.com,159
232,Myriam,marnaez6f@yandex.ru,153
233,Gabie,gmunnis6g@weibo.com,170
234,Gennifer,glindenman6h@angelfire.com,176
235,Risa,rplain6i@upenn.edu,171
236,Lara,lgerg6j@irs.gov,157
237,Allegra,acud6k@ezinearticles.com,152
238,Jeffie,jhorlock6l@va.gov,171
239,Cristina,cpriden6m@mayoclinic.com,172
240,Lynette,lrisson6n@de.vu,170
241,Sosanna,sforsyde6o@merriam-webster.com,167
242,Thomasina,tmatissoff6p@senate.gov,173
243,Ollie,ogiraudel6q@diigo.com,156
244,Leigh,lmaxwaile6r@opera.com,184
245,Skipton,ssymcox6s@stanford.edu,180
246,Maribel,mgager6t@last.fm,170
247,Valentin,vhannay6u@simplemachines.org,170
248,Minetta,mmullany6v@sina.com.cn,173
249,Karleen,kdaniele6w@twitpic.com,189
250,Bertram,bbygrave6x@examiner.com,161
251,Mady,mpruckner6y@woothemes.com,150
252,Mercy,mklimentyonok6z@paypal.com,189
253,Laverna,lfulk70@ibm.com,165
254,Armstrong,adilrew71@mapquest.com,187
255,Thomas,tbartlomiejczyk72@google.co.uk,186
256,Tally,tmaccawley73@goo.gl,158
257,Loydie,lmilham74@yahoo.co.jp,186
258,Pamela,pelleton75@imgur.com,184
259,Barris,bjanovsky76@multiply.com,178
260,Paquito,pfarreil77@trellian.com,151
261,Idette,imanjin78@over-blog.com,175
262,Amelia,ariply79@privacy.gov.au,190
263,Henderson,hberth7a@indiatimes.com,162
264,Jaime,jblaschek7b@house.gov,164
265,Nathan,nbumphries7c@fc2.com,160
266,Suzanna,srizon7d@addthis.com,157
267,Kimberley,kdaud7e@cloudflare.com,182
268,Guthrey,gacarson7f@wp.com,158
269,Morena,mestcot7g@spotify.com,189
270,Wakefield,wmcsarry7h@wix.com,153
271,Ruby,rstiles7i@sphinn.com,178
272,Amalee,alamberts7j@statcounter.com,162
273,Flint,fhofler7k@eepurl.com,159
274,Valeda,vcayser7l@opensource.org,167
275,Seka,smaccawley7m@noaa.gov,176
276,Janaya,jyann7n@tiny.cc,164
277,Agnesse,adruce7o@ifeng.com,155
278,Meredeth,mrustidge7p@ezinearticles.com,183
279,Angela,atredgold7q@bbc.co.uk,175
280,Vivien,vgoulbourne7r@1688.com,151
281,Archibaldo,acanavan7s@google.com.au,180
282,Isabelle,iseamon7t@state.tx.us,169
283,Dimitry,dstandering7u@stanford.edu,190
284,Maureene,medmed7v@redcross.org,181
285,Howey,hlorenzin7w@usa.gov,151
286,Cob,csnalum7x@google.nl,169
287,Lurline,lwarrender7y@hao123.com,177
288,Retha,rbonsul7z@privacy.gov.au,177
289,Tedda,tbonelle80@purevolume.com,177
290,Glynnis,gwilliam81@state.tx.us,157
291,Bran,bsothern82@usa.gov,176
292,Lindi,lschiersch83@phpbb.com,172
293,Adrian,aaucoate84@discovery.com,169
294,Lu,lwones85@apple.com,179
295,Elsy,ewinwright86@devhub.com,168
296,Roarke,rdavern87@technorati.com,162
297,Kendrick,kpien88@patch.com,176
298,Inglebert,icartmell89@ow.ly,155
299,Emmy,ewinser8a@naver.com,180
300,Sebastiano,sprobbing8b@cornell.edu,163
301,Chelsie,cgorringe8c@xing.com,181
302,Court,cdake8d@usatoday.com,173
303,Fey,fkenwin8e@timesonline.co.uk,154
304,Dannie,dberick8f@intel.com,189
305,Minne,mblight8g@jimdo.com,182
306,Olivero,ogillfillan8h@shop-pro.jp,150
307,Manuel,mdrinkwater8i@independent.co.uk,154
308,Ellary,ecoveny8j@cafepress.com,154
309,Ronalda,rbrooksbie8k@usgs.gov,179
310,Brittaney,bgibbonson8l@shareasale.com,162
311,Alec,afulkes8m@domainmarket.com,188
312,Maisey,mstopher8n@topsy.com,183
313,Keane,kpien8o@opera.com,161
314,Marijn,mdonisi8p@gnu.org,150
315,Robbie,rdailey8q@fotki.com,172
316,Carlie,ccharpling8r@zimbio.com,175
317,Cherilyn,clowater8s@hc360.com,176
318,Cece,cbushen8t@fastcompany.com,154
319,Guinevere,gfountian8u@opera.com,163
320,Cyb,clibbie8v@xrea.com,169
321,Lilah,lloach8w@odnoklassniki.ru,174
322,Reggis,rclavering8x@sourceforge.net,155
323,Evey,epiele8y@uiuc.edu,154
324,Tommy,tyouster8z@umich.edu,175
325,Pernell,pocrevy90@nasa.gov,171
326,Anatola,adreossi91@dagondesign.com,189
327,Rustin,rmuffitt92@thetimes.co.uk,185
328,Felicia,fgladdolph93@sohu.com,170
329,Sharla,sstanlack94@mysql.com,190
330,Maurine,mbaress95@devhub.com,164
331,Crissie,cdellenbroker96@pinterest.com,169
332,Augie,agoundrill97@dailymail.co.uk,179
333,Marchelle,mscrivin98@cargocollective.com,175
334,Barthel,bminors99@xrea.com,159
335,Marnie,mpretley9a@about.me,158
336,Charissa,cmichelle9b@rediff.com,180
337,Lynna,lroblou9c@yelp.com,180
338,Corrine,cstpierre9d@nbcnews.com,155
339,Alisander,aortell9e@newsvine.com,158
340,Leonie,lpetrovic9f@bizjournals.com,158
341,Carole,cgeaveny9g@weebly.com,155
342,Bell,bisaacs9h@google.com.hk,167
343,Jennine,jantoszczyk9i@woothemes.com,180
344,Garreth,gales9j@salon.com,151
345,Beniamino,bbiggadike9k@themeforest.net,180
346,Cosmo,cdigiorgio9l@dion.ne.jp,168
347,Josi,jpipet9m@omniture.com,159
348,Lila,ldunbobin9n@about.me,154
349,Katy,kkitt9o@webnode.com,174
350,Joyan,jspedding9p@state.tx.us,177
351,Josefina,jdever9q@auda.org.au,161
352,Mellisent,mbyng9r@weather.com,189
353,Helsa,hthreader9s@buzzfeed.com,185
354,Kelsi,knegro9t@vimeo.com,154
355,Kristin,kborgars9u@army.mil,186
356,Chastity,ctenman9v@chronoengine.com,151
357,Amelie,ahansley9w@gizmodo.com,181
358,Shelagh,sromke9x@vinaora.com,188
359,Megen,melby9y@list-manage.com,160
360,Emmie,emahon9z@foxnews.com,185
361,Tobe,tfreddia0@liveinternet.ru,156
362,Dore,dbasnetta1@skyrock.com,161
363,Jerrilee,jberchera2@xing.com,166
364,Nevil,ntremaylea3@smh.com.au,173
365,Roderigo,rpearla4@latimes.com,156
366,Carlotta,csnuggsa5@vimeo.com,170
367,Sandor,sjennicka6@theguardian.com,154
368,Joey,jblackmoora7@liveinternet.ru,188
369,Neysa,nhegga8@psu.edu,187
370,Arel,alanchberya9@com.com,173
371,Shawn,sreekaa@yellowpages.com,187
372,Daveta,dhenrieab@histats.com,187
373,Madella,mdisdelac@usnews.com,160
374,Susette,sstolleryad@tripod.com,183
375,Emmott,eaggissae@xrea.com,162
376,Bride,bcorreaf@hhs.gov,155
377,Horten,hmcallag@earthlink.net,180
378,Birdie,bmateusah@latimes.com,185
379,Kiri,kaishai@multiply.com,167
380,Otes,otellenbachaj@tumblr.com,152
381,Karilynn,kevaak@acquirethisname.com,157
382,Fleur,ftwittyal@scientificamerican.com,170
383,Dela,dallridgeam@163.com,163
384,Wolfie,wkieran@bizjournals.com,180
385,Celene,cmceloryao@admin.ch,183
386,Giulietta,grustadgeap@mtv.com,174
387,Mickie,mtreagusaq@webnode.com,164
388,Yorke,ykellickar@over-blog.com,150
389,Darb,dsotheronas@reuters.com,171
390,Agace,amcsheeat@photobucket.com,182
391,Ilsa,istearndaleau@businesswire.com,184
392,Gay,glechmereav@plala.or.jp,178
393,Bertina,bbalsomaw@pbs.org,171
394,Husein,hhadkinsax@posterous.com,176
395,Clarabelle,clymbourneay@istockphoto.com,170
396,Penny,pstarkieaz@istockphoto.com,184
397,Genny,gdrewb0@usa.gov,161
398,Ignacio,iwanneb1@homestead.com,187
399,Kareem,khellikerb2@spiegel.de,184
400,Corrine,cdugmoreb3@amazon.co.uk,187
401,Burke,bmcavinb4@sbwire.com,152
402,Rena,randrzejb5@exblog.jp,182
403,Sheila-kathryn,swebbenb6@live.com,173
404,Lu,lfernandesb7@1und1.de,160
405,Iorgo,ibrawnb8@livejournal.com,173
406,Jilli,jlittlepageb9@youtube.com,164
407,Brittany,bjonkba@last.fm,157
408,Abigail,ahavenhandbb@constantcontact.com,187
409,Carrol,cfuttybc@woothemes.com,163
410,Lorrie,lwaferbd@4shared.com,163
411,Desiree,dpilkintonbe@whitehouse.gov,178
412,Heall,hmcconwaybf@nih.gov,166
413,Buck,bfransewichbg@rakuten.co.jp,154
414,Bancroft,broccobh@livejournal.com,172
415,Armand,aspradebi@youtube.com,165
416,Isiahi,iocooneybj@japanpost.jp,167
417,Cinda,conoulanebk@nps.gov,187
418,Edd,eblaneybl@angelfire.com,165
419,Dorolisa,dkonkebm@eepurl.com,188
420,Simon,sdunnettbn@nbcnews.com,160
421,Lilla,lrivelbo@cam.ac.uk,175
422,Elmira,emayorbp@tumblr.com,173
423,Loralie,lwhopplesbq@twitpic.com,185
424,Jereme,jgoudgebr@paypal.com,176
425,Thorndike,tbutlerbowdonbs@smh.com.au,162
426,Dena,dsevinbt@slideshare.net,188
427,Cybil,cpitrollobu@icq.com,156
428,Lynea,lpawnsfordbv@macromedia.com,157
429,Coral,canstiebw@rakuten.co.jp,167
430,Davidson,dbumpassbx@wsj.com,179
431,Lutero,lloberby@ask.com,168
432,Keriann,kdomonibz@bizjournals.com,185
433,Myca,msprigingsc0@de.vu,152
434,Darla,dhuygec1@wunderground.com,190
435,Sayre,sfeldbergc2@php.net,161
436,Ingelbert,itobyc3@creativecommons.org,152
437,Deane,dhallinc4@xinhuanet.com,157
438,Hazel,hessbergerc5@ibm.com,181
439,Nertie,ngilstonc6@ted.com,173
440,Delora,dtopperc7@blogspot.com,176
441,Harlin,hcreelmanc8@engadget.com,163
442,Glendon,gsteptoc9@stanford.edu,165
443,Rosalie,rdrexelca@multiply.com,184
444,Gibbie,gbuxsycb@addtoany.com,152
445,Arlen,ademicolicc@canalblog.com,152
446,Elwyn,estrangewaycd@uol.com.br,164
447,William,wmcronaldce@deviantart.com,160
448,Tiffie,tlavillecf@tinypic.com,177
449,Van,vliebrechtcg@altervista.org,188
450,Hamel,hcurbishleych@skyrock.com,186
451,Shawn,sfrainci@psu.edu,160
452,Mathilda,mpalistercj@gov.uk,190
453,Consuela,cibbesonck@yale.edu,153
454,Archambault,amckinneycl@hexun.com,189
455,Erick,ependleberrycm@vimeo.com,182
456,Moll,mlintillcn@unesco.org,187
457,Consalve,csalkeldco@topsy.com,168
458,Costanza,cjonescp@gov.uk,186
459,Olly,odawdarycq@techcrunch.com,164
460,Tammie,tfishbourncr@naver.com,180
461,Lynnell,lzavattarics@jimdo.com,163
462,Donica,dtorrancect@loc.gov,179
463,Melinde,mhubertcu@whitehouse.gov,188
464,Bliss,bmcgahycv@quantcast.com,177
465,Salome,stextoncw@netlog.com,180
466,Mordy,mbartolomeucx@eepurl.com,154
467,Florance,fhileycy@amazon.com,181
468,Constantin,ccathenodcz@psu.edu,160
469,Ly,lpruvostd0@comsenz.com,176
470,Garth,gjanczykd1@un.org,169
471,Katheryn,kkivelld2@drupal.org,169
472,Dinah,dmacellend3@cyberchimps.com,183
473,Melodie,mgeared4@google.ca,181
474,Alic,awreightd5@wired.com,182
475,Idelle,ikeightleyd6@topsy.com,184
476,Aurilia,amcnallyd7@simplemachines.org,158
477,Ethe,ewhatmand8@youtu.be,155
478,Hatti,hoffad9@homestead.com,166
479,Brigitta,bkiffinda@youtube.com,188
480,Drona,dtillyerdb@seesaa.net,168
481,Brennen,blabondc@technorati.com,171
482,Angel,avignedd@dmoz.org,169
483,Vivian,vbaillesde@cpanel.net,181
484,Meredithe,mpaolodf@latimes.com,160
485,Blakeley,bwakelamdg@independent.co.uk,180
486,Buckie,bgregolindh@independent.co.uk,157
487,Conrade,cfrippdi@usnews.com,174
488,Cornall,cmahadj@freewebs.com,155
489,Ollie,ostonedk@cnn.com,190
490,Fabiano,fchaffyndl@howstuffworks.com,160
491,Tobye,tmarchisodm@themeforest.net,161
492,Horatio,hmongeotdn@google.com.au,185
493,Darcy,dcisnerosdo@auda.org.au,159
494,Almeda,agoodendp@ucla.edu,171
495,Isabelita,icosslettdq@clickbank.net,165
496,Siffre,sgontharddr@redcross.org,151
497,Sanders,slugdends@mlb.com,181
498,Danny,daverilldt@apache.org,181
499,Alberik,asimonoudu@mail.ru,150
500,Lishe,lknipedv@ocn.ne.jp,169
501,Alfy,abalfredw@ezinearticles.com,187
502,Fanya,feckersleydx@google.com.br,161
503,Alie,aslimmingdy@jigsy.com,163
504,Kimmy,kfardondz@yahoo.com,153
505,Yard,ymalloye0@sciencedirect.com,154
506,Merrielle,mchappelowe1@unblog.fr,170
507,Antonin,apetrane2@berkeley.edu,177
508,Broddy,bmcandiee3@businesswire.com,181
509,Libbi,lkitte4@sogou.com,171
510,Jule,jgowere5@lycos.com,172
511,Thedric,tchaldere6@dailymotion.com,162
512,Vania,vpartkyae7@google.nl,162
513,Dona,dmurkuse8@studiopress.com,189
514,Nadya,njillingse9@seesaa.net,158
515,Ninette,ncroanea@si.edu,170
516,Courtnay,cbiddleseb@cocolog-nifty.com,189
517,Dukey,ddarkeec@g.co,159
518,Gaultiero,glentoned@shinystat.com,174
519,Laurena,ldemitriee@opera.com,173
520,Ally,acrispef@state.gov,175
521,Ludovico,lpyatteg@prlog.org,182
522,Sacha,smeighaneh@paypal.com,180
523,Linc,lwoodroofei@ycombinator.com,183
524,Grannie,gbrighteyej@washingtonpost.com,190
525,Nicolis,nfawssettek@icq.com,166
526,Ode,obertelmotel@symantec.com,162
527,Eula,ekeverenem@wired.com,163
528,Teodoor,tbarsbyen@psu.edu,165
529,Giacinta,gkelletteo@zdnet.com,152
530,Bili,bbigglestoneep@xing.com,150
531,Marilyn,mfurneyeq@facebook.com,177
532,Cullie,cdrakarder@globo.com,187
533,Kirbie,keassomes@reverbnation.com,150
534,Farlay,fpenbarthyet@answers.com,151
535,Pierette,pporcaseu@bigcartel.com,163
536,Lon,lparrev@geocities.com,152
537,Merrielle,mgoddmanew@aol.com,170
538,Susy,selderfieldex@skyrock.com,153
539,Marion,mdowney@cargocollective.com,185
540,Leta,llanglaisez@nyu.edu,160
541,Aurlie,adoreyf0@cbslocal.com,181
542,Earl,eclewlowef1@edublogs.org,169
543,Franciskus,fbroself2@csmonitor.com,165
544,Paule,pboynf3@cbsnews.com,186
545,Lucia,lberndtf4@quantcast.com,178
546,Nestor,ndillintonf5@sourceforge.net,155
547,Vincenz,vduggetf6@woothemes.com,161
548,Francis,ffarlhamf7@cloudflare.com,174
549,Margie,mcalderaf8@fda.gov,189
550,Melba,mmogerf9@dmoz.org,172
551,Eolanda,ehempshallfa@ovh.net,159
552,Cissy,csunmanfb@icio.us,151
553,Carol,cprendergastfc@usda.gov,187
554,Creighton,cubsdellfd@latimes.com,158
555,Ilene,igladdolphfe@dagondesign.com,152
556,Darlene,dpextonff@hostgator.com,151
557,Rodge,rstollwerckfg@histats.com,151
558,Tallulah,tdismorefh@google.ca,158
559,Salvador,sallabushfi@last.fm,151
560,Aimil,amcmurtyfj@com.com,182
561,Alwin,alesurffk@google.ca,156
562,Gavin,gcomelinifl@wp.com,172
563,Kareem,kruddlesdenfm@goo.gl,171
564,Arvin,abeilbyfn@aol.com,184
565,Shandie,snesbitfo@ezinearticles.com,150
566,Oberon,obichenofp@surveymonkey.com,170
567,Zorine,zdupeyfq@accuweather.com,153
568,Nicoline,ngergelyfr@springer.com,175
569,Della,djaffafs@sourceforge.net,155
570,Annadiane,aosbanft@discovery.com,152
571,Norbie,nlangdonfu@163.com,189
572,Wit,wvolontefv@msu.edu,153
573,Bea,bgochfw@vimeo.com,181
574,Trina,tparrattfx@sfgate.com,190
575,Emmit,ebarckfy@qq.com,190
576,Alric,aaizikowitzfz@engadget.com,177
577,Oates,olifseyg0@howstuffworks.com,176
578,Ninon,ncasellasg1@webnode.com,157
579,Flossy,fascheg2@princeton.edu,152
580,Dicky,dantrackg3@who.int,187
581,Dom,dlyptrattg4@imageshack.us,190
582,Karlotte,kfrantzeng5@jimdo.com,156
583,Scarlett,sallardg6@nsw.gov.au,187
584,Enrico,evequeg7@trellian.com,171
585,Shirline,swyrillg8@independent.co.uk,165
586,Jessika,jburnetg9@ebay.com,177
587,Rozalie,rkulicga@twitpic.com,153
588,Ginny,gfeaseygb@timesonline.co.uk,159
589,Talya,tredsullgc@va.gov,151
590,Farrand,fforsaithgd@ox.ac.uk,177
591,Nanci,naspinwallge@dmoz.org,174
592,Kelley,kforogf@delicious.com,151
593,Hale,hbrastedgg@myspace.com,154
594,Silva,shazlewoodgh@noaa.gov,174
595,Kristien,kchateniergi@typepad.com,175
596,Verine,vidillgj@cocolog-nifty.com,174
597,Lilith,limpygk@msu.edu,164
598,Bryna,bennsgl@vkontakte.ru,152
599,Gerhardt,gbentinckgm@hugedomains.com,163
600,Ronny,rsparkgn@freewebs.com,190
601,Pace,pfludgatego@biblegateway.com,178
602,Peyter,phatchgp@vimeo.com,171
603,Mac,mhadgraftgq@freewebs.com,169
604,Tracie,tharwickgr@amazon.com,152
605,Renata,rsemainegs@europa.eu,162
606,Juan,jbahikegt@statcounter.com,165
607,Cesya,ccawtheragu@free.fr,163
608,Marietta,msanbrookegv@livejournal.com,167
609,Jolee,jstanislawgw@opensource.org,158
610,Dacey,dbretellegx@free.fr,162
611,Odette,ocarongy@photobucket.com,171
612,Allie,afearbygz@upenn.edu,158
613,Kean,kjanusikh0@cnn.com,160
614,Zerk,zfollacaroh1@quantcast.com,152
615,Avivah,acosgryh2@nbcnews.com,169
616,Floria,funworthh3@ezinearticles.com,176
617,Gaby,gcaneteh4@jugem.jp,158
618,Alison,ablewitth5@oaic.gov.au,161
619,Latia,laltamiranoh6@surveymonkey.com,167
620,Fedora,fuzellih7@zdnet.com,175
621,Jasun,joshesnanh8@biblegateway.com,165
622,Willette,wlintallh9@is.gd,156
623,Edward,emcgownha@seattletimes.com,169
624,Kelly,kwestpfelhb@msn.com,163
625,Shandy,sforwardhc@eepurl.com,162
626,Abrahan,aratledgehd@geocities.jp,188
627,Matt,mbennedsenhe@slideshare.net,176
628,Yvor,yprobinhf@reverbnation.com,169
629,Aida,aincognahg@facebook.com,179
630,Shanon,shiddersleyhh@prnewswire.com,168
631,Tommie,tnileshi@nasa.gov,179
632,Antonio,akestianhj@google.ca,185
633,Maddie,mmessomhk@nationalgeographic.com,157
634,Zacharias,zdhillonhl@instagram.com,155
635,Hyman,hcomminshm@networkadvertising.org,190
636,Dolli,daimerichn@seesaa.net,188
637,Susana,sollivierreho@dion.ne.jp,150
638,Silvana,sarondelhp@pinterest.com,186
639,Katrine,klydonhq@photobucket.com,153
640,Read,ratchesonhr@army.mil,160
641,Tabbie,tcogarhs@sun.com,150
642,Barn,beckersallht@yahoo.co.jp,175
643,Tiphany,tgoldsteinhu@berkeley.edu,183
644,Amalee,amatyjahv@wisc.edu,169
645,Harriett,hvannihw@google.pl,162
646,Sheila,shallfordhx@wunderground.com,155
647,Eugen,emarklundhy@whitehouse.gov,184
648,Tandi,ttaylourhz@paypal.com,178
649,Hewie,hbugbyi0@1688.com,171
650,Budd,bpearlmani1@bravesites.com,172
651,Trevor,twhatei2@theatlantic.com,160
652,Kaylee,kdengatei3@bing.com,181
653,Darrick,dmabonei4@lulu.com,188
654,Klarrisa,kbaffi5@ihg.com,152
655,Cris,cbromidgei6@mapy.cz,187
656,Nicky,nlyngstedi7@marriott.com,156
657,Kassia,kbilboroughi8@upenn.edu,158
658,Wenda,wdearnessi9@a8.net,150
659,Alfredo,ahutsonia@hubpages.com,150
660,Alverta,abredeeib@unicef.org,161
661,Currey,chanleyic@va.gov,158
662,Thurstan,tjosofovitzid@wp.com,176
663,Laverne,lsimpkinie@prnewswire.com,188
664,Nicolis,nberraneif@washington.edu,189
665,Aimil,alavigneig@gnu.org,166
666,Lida,lcorpeih@epa.gov,150
667,Winona,wpideonii@squidoo.com,161
668,Gabriell,gsimonij@mediafire.com,151
669,Brigg,bduthieik@tamu.edu,150
670,Hetty,harrighiil@google.com,162
671,Janot,jdowersim@dot.gov,153
672,Gabby,gweldrakein@a8.net,164
673,Ab,achataignierio@people.com.cn,171
674,Shurwood,sgregolottiip@unblog.fr,186
675,Brandyn,baldineiq@desdev.cn,173
676,Willi,whoggettsir@un.org,163
677,Cindie,cstygallis@ezinearticles.com,183
678,Meier,mkiosselit@simplemachines.org,190
679,Harlan,hgarmansoniu@privacy.gov.au,172
680,Trevar,tbockeniv@pinterest.com,162
681,Erl,ewhaliw@geocities.com,151
682,Nadia,ngregsonix@printfriendly.com,163
683,West,wcrouseiy@nbcnews.com,179
684,Toni,ttheuffiz@utexas.edu,155
685,Monti,mcollensj0@illinois.edu,156
686,Brit,bdakinj1@gnu.org,172
687,Aloysia,ajenynsj2@ebay.com,168
688,Pate,phuggillj3@gnu.org,157
689,Lavena,ldeanj4@columbia.edu,187
690,Justis,jhuntleyj5@deviantart.com,164
691,Joleen,jfynanj6@dailymail.co.uk,163
692,Lynnet,lmcgintyj7@noaa.gov,177
693,Mason,mentresj8@zdnet.com,153
694,Paten,pchsteneyj9@chicagotribune.com,170
695,Cele,cguesteja@cnbc.com,178
696,Ashley,acoopeyjb@simplemachines.org,150
697,Arlene,ajennaroyjc@about.me,175
698,Domini,dkobajd@ca.gov,159
699,Henri,hgideonje@xing.com,154
700,Heath,hmolianjf@vimeo.com,187
701,Ashlin,aqusklayjg@joomla.org,178
702,Randy,rblaschkejh@webs.com,156
703,Craig,cpoteji@nba.com,158
704,Joelle,jjoretjj@latimes.com,168
705,Egbert,eorchartjk@purevolume.com,164
706,Sherwin,sdoultonjl@smugmug.com,167
707,Cesya,cgottelierjm@indiatimes.com,162
708,Anastasia,asalomonjn@thetimes.co.uk,181
709,Melantha,mparradyejo@mashable.com,178
710,Jarrid,jhardinjp@aboutads.info,170
711,Maximilian,mbowsteadjq@quantcast.com,188
712,Morgen,mklishinjr@foxnews.com,157
713,Ebeneser,epascoejs@uiuc.edu,176
714,Alasteir,aemmanuelejt@nba.com,170
715,Chen,cwigelsworthju@google.it,177
716,Harald,hwalleyjv@lycos.com,169
717,Kissie,khayhurstjw@myspace.com,160
718,Johannes,jdesousajx@moonfruit.com,173
719,Lorilyn,landreonejy@archive.org,180
720,Britteny,bmalickijz@cbc.ca,165
721,Vitoria,vmaccookk0@answers.com,187
722,Ginnie,gmcnellyk1@europa.eu,157
723,Marcellina,mseek2@wiley.com,161
724,Dennie,dacockk3@google.pl,154
725,Garth,gkigelmank4@alexa.com,156
726,Eolanda,emccleank5@howstuffworks.com,186
727,Raynell,rornelesk6@samsung.com,161
728,Rori,rdeyek7@wikispaces.com,155
729,Leonid,lyesipovk8@hc360.com,163
730,Bertrand,brobynsk9@ucla.edu,167
731,Morten,mmonketonka@acquirethisname.com,188
732,Orson,ocarswellkb@wikispaces.com,176
733,Bax,bslocombkc@japanpost.jp,163
734,Aigneis,amargeramkd@angelfire.com,184
735,Worden,wtrappeke@livejournal.com,173
736,Theresina,tmurtykf@livejournal.com,177
737,Ferrel,frankenkg@google.co.uk,170
738,Morissa,mlonnonkh@smugmug.com,154
739,Sal,shurlerki@squarespace.com,168
740,Lindsey,lrichardeaukj@wikimedia.org,157
741,Kerrill,kwildborekk@webmd.com,151
742,Erwin,esparshottkl@networksolutions.com,179
743,Kira,kallingtonkm@washington.edu,189
744,Duky,dsimkakn@xrea.com,171
745,Chelsey,cbaggsko@sourceforge.net,175
746,Fredric,fsoffekp@sourceforge.net,171
747,Dew,draukq@dedecms.com,159
748,Zach,zsawnwykr@elpais.com,166
749,Amie,aameerbegks@umn.edu,156
750,Gare,gmccarlichkt@sciencedirect.com,162
751,Jaquelyn,jplunkettku@imageshack.us,179
752,Susie,ssholemkv@naver.com,154
753,Megan,mmacvainkw@house.gov,185
754,Jedd,jcockerkx@whitehouse.gov,155
755,Agathe,amckilroeky@globo.com,158
756,Stella,svellenderkz@house.gov,150
757,Ola,ovasyutinl0@myspace.com,175
758,Andra,aebbensl1@woothemes.com,172
759,Tiffanie,tyakovl2@prnewswire.com,163
760,Noam,nlurrimanl3@php.net,178
761,Lesley,lbegleyl4@fema.gov,164
762,Wally,wreinersl5@last.fm,166
763,Joshuah,jprailll6@flavors.me,178
764,Kylynn,kstarbuckel7@xinhuanet.com,160
765,Dot,dcottlel8@uiuc.edu,152
766,Aliza,ayirrelll9@mayoclinic.com,188
767,Kata,kmacgianyla@unicef.org,189
768,Fredrick,fkorejslb@vimeo.com,186
769,Gaultiero,gnoadeslc@cnn.com,171
770,Sari,spelhamld@yellowpages.com,181
771,Gifford,gfootele@51.la,187
772,Cari,craundslf@bloglovin.com,180
773,Joachim,jsammonlg@mit.edu,159
774,Angeli,amalafelh@berkeley.edu,189
775,Barde,bhammonli@bandcamp.com,150
776,Gibbie,gnoblettlj@desdev.cn,177
777,Debora,dslogrovelk@biblegateway.com,151
778,Jeanie,jhalpenll@buzzfeed.com,186
779,Margie,mhanscomblm@fema.gov,180
780,Delores,dcornessln@skype.com,169
781,Leila,lnielsonlo@fc2.com,161
782,Catrina,creddelllp@utexas.edu,152
783,Esther,etabourlq@freewebs.com,184
784,Daune,dchattoelr@narod.ru,174
785,Augustus,aguyanls@joomla.org,161
786,Roslyn,rmatzkelt@g.co,169
787,Piggy,ppooleylu@un.org,185
788,Meredeth,mgeelylv@nasa.gov,176
789,Florella,fdrewittlw@arstechnica.com,159
790,Carleton,ccocozzalx@globo.com,157
791,Manfred,mrobertuccily@cocolog-nifty.com,169
792,Adoree,aledramlz@cafepress.com,175
793,Margy,mrenoufm0@time.com,159
794,Tersina,tbetjesm1@slashdot.org,159
795,Shepherd,sbroadberem2@odnoklassniki.ru,169
796,Helga,hgerom3@gravatar.com,190
797,Sibby,shummerstonm4@aboutads.info,154
798,Lynnelle,llairdm5@weather.com,160
799,Jennifer,jhallworthm6@trellian.com,177
800,Joby,jtookem7@time.com,157
801,Gertrud,ghaydonm8@shutterfly.com,167
802,Rayshell,rtwinningm9@simplemachines.org,164
803,Gisella,gfarrama@mediafire.com,172
804,Emmye,ewoollinmb@sina.com.cn,166
805,Margaret,mmckissackmc@g.co,154
806,Lucina,lmonceymd@friendfeed.com,160
807,Mallissa,mhaggartme@imgur.com,150
808,Deny,dpilkintonmf@microsoft.com,189
809,Rebbecca,rbetancourtmg@walmart.com,178
810,Jaime,jcaneomh@t.co,167
811,Koenraad,kratemi@squidoo.com,152
812,Cynthia,cneilsonmj@jimdo.com,153
813,Betsey,bsalackmk@bandcamp.com,158
814,Marris,mcrepelml@pbs.org,167
815,Merle,mosculleymm@dot.gov,189
816,Jobina,jstrognellmn@bing.com,181
817,Ashleigh,aivanishinmo@virginia.edu,156
818,Rubia,ryesmp@alibaba.com,184
819,Paton,pfleymq@sourceforge.net,161
820,Sauncho,smorfordmr@discovery.com,155
821,Lillis,lreedickms@diigo.com,170
822,Silvan,speaplemt@mit.edu,161
823,Iain,ijupemu@ask.com,165
824,Elsworth,edillingstonemv@ftc.gov,164
825,Estele,evasilenkomw@desdev.cn,170
826,Carmelita,cedgarsmx@ca.gov,157
827,Lotty,lcouparmy@cbc.ca,158
828,Isidro,ishortemz@craigslist.org,173
829,Philbert,priddockn0@rakuten.co.jp,177
830,Guthrie,gdebenhamn1@thetimes.co.uk,171
831,Jackson,jmardolln2@utexas.edu,153
832,Dolph,datyeon3@friendfeed.com,168
833,Renate,rvaneschin4@bbb.org,169
834,Amalea,amackalln5@squarespace.com,150
835,Stanton,scurreenn6@boston.com,178
836,Tobiah,trattenburyn7@mac.com,151
837,Olav,ogallifordn8@desdev.cn,187
838,Orlan,olindseyn9@techcrunch.com,176
839,Adoree,aloxlyna@discovery.com,163
840,Garrott,gsiemensnb@imgur.com,162
841,Conrad,cfeddernc@blogs.com,157
842,Titos,tbarmend@cbslocal.com,156
843,Katti,kwormanne@paypal.com,166
844,Iorgo,iferrottinf@nasa.gov,189
845,Ileana,ibishopng@etsy.com,158
846,Brigg,btreffrynh@w3.org,185
847,Dmitri,dcasirolini@barnesandnoble.com,186
848,Arin,aisworthnj@instagram.com,167
849,Maybelle,mchadbournnk@opensource.org,176
850,Helaina,hlawlingsnl@shop-pro.jp,185
851,Orin,ofootenm@cornell.edu,155
852,Fredelia,fjessnn@hugedomains.com,184
853,Cathyleen,caddisno@edublogs.org,163
854,Terry,tbelliardnp@globo.com,152
855,Giustina,gchritchlownq@squidoo.com,154
856,Oren,ohuffernr@sourceforge.net,173
857,Felic,fcalleyns@artisteer.com,158
858,Efren,eoleaghamnt@gnu.org,155
859,June,jcrossgrovenu@si.edu,185
860,Reuben,rhardypigginnv@shinystat.com,190
861,Artemis,acaushnw@blogger.com,155
862,Louisette,llewzeynx@yolasite.com,169
863,Lorrie,lcawseny@technorati.com,163
864,Timofei,tgawthorpenz@instagram.com,176
865,Robin,rairdso0@umich.edu,189
866,Giraldo,gjorgenseno1@nasa.gov,153
867,Allyson,aashpitalo2@jalbum.net,179
868,Sarette,sshaxbyo3@comcast.net,159
869,Nevins,nlorrieo4@360.cn,156
870,Andrej,amohuno5@theatlantic.com,171
871,Ferdie,fmessento6@yahoo.co.jp,178
872,Ethelred,edoylendo7@yelp.com,190
873,Jordan,jislipo8@google.cn,158
874,Ole,othorlbyo9@thetimes.co.uk,177
875,Lenore,lspiraoa@blogger.com,161
876,Shelly,srolanceob@angelfire.com,166
877,Dean,ddollinoc@hostgator.com,182
878,Alika,aderlod@globo.com,177
879,Harwell,hhedgeoe@cam.ac.uk,156
880,Constantin,cstricklerof@qq.com,187
881,Brit,bthravesog@surveymonkey.com,176
882,Dudley,dcosensoh@marketwatch.com,178
883,Linda,lrutherforthoi@rambler.ru,188
884,Wallie,woldoj@instagram.com,174
885,Shalna,sedmondsonok@123-reg.co.uk,168
886,Leslie,lpeizerol@skyrock.com,168
887,Meredith,mrobionom@ebay.com,179
888,Carlina,cjaneckion@stanford.edu,165
889,Colly,cbarklyoo@issuu.com,171
890,Amber,ahinstockop@jalbum.net,189
891,Sid,sstarkeyoq@e-recht24.de,180
892,Edi,ekettemanor@apache.org,154
893,Hetty,hbucknillos@npr.org,190
894,Ernesto,ebussensot@cnn.com,186
895,Hersch,hmcloughlinou@businessweek.com,159
896,Shirlene,slymanov@cnn.com,188
897,Quinn,qmosbyow@stanford.edu,169
898,Sheila,sbassickox@exblog.jp,154
899,Wang,wklaggesoy@ameblo.jp,158
900,Nev,nsanpereoz@utexas.edu,186
901,Asa,apandiep0@youku.com,171
902,Wanids,whewinsp1@freewebs.com,176
903,Ahmad,acaustonp2@sogou.com,158
904,Derby,daddicotep3@slate.com,152
905,Alfie,awadlyp4@over-blog.com,165
906,Lia,lpiensp5@timesonline.co.uk,161
907,Cleon,cwestbergp6@fda.gov,172
908,Lianna,lsleefordp7@pcworld.com,169
909,Nikoletta,nyakovitchp8@icio.us,170
910,Arri,aeickep9@1und1.de,154
911,Annice,ademainepa@purevolume.com,175
912,Berna,bcostenpb@foxnews.com,172
913,Eldon,ecunnahpc@yale.edu,187
914,Don,dchaldecottpd@github.io,186
915,Garrott,grothampe@rediff.com,160
916,Maddy,midlepf@blogs.com,162
917,Karyn,kkemsonpg@pinterest.com,161
918,Ramon,rserotph@quantcast.com,181
919,Carol-jean,cquenepi@google.com.au,175
920,Abelard,arylandspj@weibo.com,158
921,Gretal,gkamingpk@bloglines.com,168
922,Mitzi,mdegreypl@nsw.gov.au,159
923,Emmott,ehickissonpm@baidu.com,157
924,Sibyl,slathypn@multiply.com,180
925,Humfried,hchallacepo@europa.eu,154
926,Shayne,sdumbreckpp@themeforest.net,165
927,Boone,bcrightonpq@ifeng.com,167
928,Kerby,kclutepr@sbwire.com,160
929,Arda,akingdonps@cdc.gov,181
930,Towney,tassadpt@edublogs.org,168
931,Mitchel,mjerchepu@smugmug.com,175
932,Slade,sreddickpv@gnu.org,190
933,Paola,pfennickpw@pcworld.com,177
934,Haven,hdennisonpx@netvibes.com,169
935,Orv,oserrurierpy@homestead.com,184
936,Melody,mouterbridgepz@hubpages.com,180
937,Jewel,jollinq0@loc.gov,183
938,Ilaire,ibascombq1@multiply.com,162
939,Jaquenette,jannearq2@huffingtonpost.com,170
940,Benjamin,beyreq3@woothemes.com,161
941,Mickie,mibesonq4@usnews.com,175
942,Henriette,himlenq5@cpanel.net,177
943,Brice,balphonsoq6@cisco.com,165
944,Corrie,cgraftonq7@ow.ly,159
945,Rriocard,rjirusekq8@intel.com,189
946,Cameron,cvogellerq9@google.ca,179
947,Catriona,cnicholsonqa@netvibes.com,156
948,Yulma,ynelmesqb@edublogs.org,161
949,Una,uyurlovqc@theglobeandmail.com,157
950,Cheryl,cpennuzziqd@wsj.com,189
951,Loren,ltasselerqe@census.gov,184
952,Alyssa,anorleyqf@woothemes.com,152
953,Grenville,gfranklinqg@ed.gov,166
954,Gerald,gisherwoodqh@hostgator.com,176
955,Fairlie,fsellsqi@washingtonpost.com,163
956,Wynne,wmatyushonokqj@walmart.com,182
957,Mira,mparisqk@miitbeian.gov.cn,152
958,Britney,bcarlisleql@cdc.gov,174
959,Duffie,dparamoreqm@netvibes.com,187
960,Frederigo,falvarqn@google.ca,190
961,Edlin,ehothersallqo@constantcontact.com,189
962,Terencio,thaslockeqp@intel.com,163
963,Willie,weacottqq@redcross.org,182
964,Ellary,eashfordqr@usa.gov,169
965,Gayelord,gtettersellqs@nature.com,190
966,Angelique,atonnesenqt@ow.ly,150
967,Ceciley,cpilkingtonqu@nps.gov,161
968,Madella,mgubbinqv@yale.edu,151
969,Noellyn,ntrillowqw@1und1.de,160
970,Ruthann,rmellingsqx@1und1.de,184
971,Abagael,aalleynqy@nature.com,190
972,Nicolle,nvernallqz@tinyurl.com,155
973,Inga,itriplowr0@toplist.cz,176
974,Bald,bwatshamr1@squidoo.com,163
975,Nannie,nricher2@symantec.com,177
976,Olwen,ohalpiner3@pagesperso-orange.fr,164
977,Katharyn,kjovanovicr4@dedecms.com,153
978,Dorian,dmedlandr5@networkadvertising.org,169
979,Wait,wghiraldir6@apple.com,164
980,Fae,fphayrer7@sourceforge.net,175
981,Maryann,mcuddr8@imdb.com,165
982,Maurits,mhumblestoner9@house.gov,168
983,Gideon,gdunsmuirra@hugedomains.com,169
984,Gal,gmouserrb@dmoz.org,150
985,Bowie,bmanhoodrc@state.gov,161
986,Dosi,dlowersonrd@cnn.com,175
987,Leoline,ldearnalyre@earthlink.net,155
988,Cori,cmcgraithrf@pen.io,155
989,Joey,jbriscamrg@so-net.ne.jp,183
990,Sherwood,sreimerrh@creativecommons.org,152
991,Leroi,lbensusanri@toplist.cz,155
992,Mallissa,mstonmanrj@ezinearticles.com,174
993,Christina,ccotark@cornell.edu,161
994,Braden,bkinnierl@fotki.com,183
995,Kevon,khostenrm@dailymail.co.uk,183
996,Ripley,rakastrn@cisco.com,173
997,Aymer,abrownsteinro@mit.edu,190
998,Darrelle,dendonrp@utexas.edu,182
999,Zenia,zsodenrq@dell.com,153
1000,Nannette,nfrankenrr@google.nl,152