P_id,P_name
1,Research Nurse
2,Software Test Engineer IV
3,Senior Cost Accountant
4,Paralegal
5,Human Resources Assistant II
6,Professor
7,Senior Sales Associate
8,Business Systems Development Analyst
9,Human Resources Manager
10,Human Resources Manager
11,Desktop Support Technician
12,Accounting Assistant II
13,Research Associate
14,Cost Accountant
15,Safety Technician I
16,Media Manager II
17,Database Administrator II
18,Senior Developer
19,Marketing Assistant
20,Compensation Analyst
21,Physical Therapy Assistant
22,Staff Scientist
23,VP Accounting
24,Media Manager III
25,Speech Pathologist
26,Sales Associate
27,Social Worker
28,Health Coach IV
29,Business Systems Development Analyst
30,Legal Assistant
31,Marketing Assistant
32,Cost Accountant
33,Project Manager
34,Senior Quality Engineer
35,Dental Hygienist
36,Senior Quality Engineer
37,Paralegal
38,Budget/Accounting Analyst III
39,Software Consultant
40,Director of Sales
41,VP Product Management
42,Health Coach IV
43,Physical Therapy Assistant
44,Recruiter
45,Accounting Assistant III
46,Software Engineer I
47,Web Developer III
48,Senior Cost Accountant
49,Clinical Specialist
50,Assistant Professor